{
  "residuals": {
    "n_timesteps": 249,
    "n_measurements": 21,
    "innovation_mean": 0.027378791069336272,
    "innovation_std": 0.05249314372505422,
    "normality_test_p": 2.978083439991621e-56,
    "normality_pass": false,
    "autocorr_lag1": 0.9769490885900949,
    "autocorr_pass": false
  },
  "covariance": {
    "n_timesteps": 249,
    "state_dim": 39,
    "all_positive_definite": true,
    "eigenvalue_issues": [],
    "log_det_mean": -430.1698442505274,
    "log_det_std": 8.299518716719593
  },
  "performance": {
    "gnn_full_state_mse": 0.3663529266567329,
    "filtered_full_state_mse": 0.9827584525782174,
    "improvement_full": -1.6825456572121025,
    "gnn_position_mse": 0.24138990108984418,
    "filtered_position_mse": 0.23507678472616286,
    "improvement_position": 0.02615319171416489,
    "gnn_rotation_mse": 0.5004661598610352,
    "filtered_rotation_mse": 0.4922763403458345,
    "improvement_rotation": 0.01636438219087237
  }
}